,titles,category
0,담임얼굴노출사진과합성초등교사노조관련학생온당히처분촉구,Social
1,하반신마비축구선수유연수꿈앗아간음주운전자징역년법정구속,Social
2,황의조영상유포협박혐의친형수인터넷공유기해킹가능성주장,Social
3,황의조형수영상유포부인숙소인터넷공유기해킹당한듯,Social
4,동남권대표할경남양산수목원들어설후보지곳으로압축,Social
5,노모가수년간모은만원하마터면쓰레기장갈뻔무슨일,Social
6,경산에서억원대깡통전세놓은대징역년,Social
7,새해첫수주두산에너빌리티급초대형가스터빈공급계약,Social
8,서른넘은자식셋부모집에얹혀살면창피한가요대글시끌,Social
9,박경귀아산시장구사일생하나대법절차상하자파기환송,Social
10,아내살해전국회의원아들아동정서학대정황도,Social
11,대부사관대여장교끌고가성추행저어떠십니까,Social
12,넘는눈쌓인한라산내일까지입산전면통제,Social
13,혹한추위산으로도망간송아지드론투입해일만에구조,Social
14,제주미분양주택급증에건설사폐업도속출,Social
15,코리아제작사쿠팡자회사가제작진빼돌려소송,Social
16,속보수사외압혐의이성윤전검사장심도무죄,Social
17,검찰소환이진동뉴스버스대표윤석열라인검찰의탄압,Social
18,뉴진스포토카드팔아요허위글로돈만꿀꺽한대의최후,Social
19,상급종합병원경증환자줄인다중증진료늘릴수록보상,Social
20,우리동네에도온다전국시대발표에일제히환영,Social
21,부산경찰청장이재명피습범신상비공개잔인성등미흡판단,Social
22,우철문이재명피습피의자신상비공개범죄중대성미흡,Social
23,입사한달만에횡령시작회삿돈억빼돌려도박탕진한대,Social
24,전청조아이유와사귄적있다고양파까도까도거짓정황,Social
25,황의조형수해킹가능성있어영상유포혐의부인,Social
26,주요커피전문점종이빨대전면비치요청할때만플라스틱,Social
27,황의조영상유포협박형수인터넷공유기해킹가능성,Social
28,내연녀가준돈장모명의통장으로받아쓴간큰공무원,Social
29,황의조형수인터넷공유기해킹영상유포혐의부인,Social
30,학교놀이터서놀던초등생성추행한방과후교사징역년실형,Social
31,벽걸이에어컨누전때문광주서대노부부참변종합,Social
32,초등생여중생성폭행한현역군인붙잡히자합의된성관계,Social
33,속보가습기살균제국가상대손해배상판결주연기,Social
34,눈덮인산속서일견뎠다드론까지동원된송아지포획작전,Social
35,조국배신감커공지영사과에진중권돌아와반갑다,Social
36,아들걸고정치안한다던백종원총선나설까이슈시개,Social
37,일제강제동원피해자승소할머니눈에맺힌눈물현장화보,Social
38,운동알려주려고초등학교놀이터서성추행한방과후교사,Social
39,중국에빌미될라미국서파는국내김치라면에신치아닌라바이차이,Social
40,황의조형수숙소공유기해킹주장하며영상유포부인,Social
41,시간도주극김길수징역년구형,Social
42,고속도로서급정차보복운전대항소심서도벌금형사사건건,Social
43,만취대몰던전봇대쿵명부상,Social
44,저어떻게생각하세요함정서장교추행한해군부사관법정구속,Social
45,검찰출석한뉴스버스대표대선개입여론조작차라리특검하자,Social
46,전청조의끝없는거짓말아이유와동거했던사이,Social
47,송파구지난해말인구만명년째서울시위,Social
48,돈몇푼아끼겠다고전자담배를제트스키월드컵망신살,Social
49,한살때려숨지게한친모동거인보호자아니어서유기아냐,Social
50,결핵노인명살해혐의요양병원장구속영장재청구,Social
51,발화당시건물내부확보서천특화시장화재차합동감식,Social
52,서류한장때문에박경귀시장항소심재판다시해야,Social
53,만취여성추행혐의오태양전미래당대표심불복항소,Social
54,단독김용위증교사의혹인사들구속풀어달라기각,Social
55,황의조형수혐의재차부인숙소공유기해킹됐을수도,Social
56,제작사에이스토리쿠팡자회사에억손배소,Social
57,대선허위보도의혹뉴스버스이진동대표소환,Social
58,전주소재인터넷쇼핑몰웁스배송환불지연피해빗발쳐,Social
59,어르신월부터급식비절반만내세요,Social
60,급경쟁률너무높아도문제라던정부년래최저에말이바뀌었다,Social
61,한동훈잘하고있다,Social
62,세종아파트화재로의식불명일가족명중초등학생딸숨져,Social
63,카페패스트푸드제과개업체플라스틱빨대숨기기약속,Social
64,충북경찰출신김철문경기남부청광역수사단장치안감승진,Social
65,제주첫국제학교민간에매각한다우선협상대상자선정,Social
66,영종서서울삼성까지분분인천서출발환영,Social
67,황의조사생활폭로혐의형수인터넷공유기해킹가능성,Social
68,공지영미안해죽겠다에진중권되돌아와반갑다,Social
69,년연애한남친알고보니아이둘유부남피해명넘어,Social
70,이윤석예비후보민주당목포시선거구경선전면무효화요구,Social
71,세종한솔동화재로치료받던초등학생딸숨져,Social
72,알코올중독대흉기찔린채사망극단적선택가능성,Social
73,황의조형수인터넷공유기해킹으로황의조사진유출가능성,Social
74,남이내놓은쓰레기쏟고종량제봉투만쓱생활고때문에,Social
75,사건브로커인사청탁의혹현직치안감오늘구속기로,Social
76,상급병원쏠림손본다중증진료체계강화시범사업도입,Social
77,아산시장월보선어려울듯대법심절차하자다시재판,Social
78,버드스트라이크에명태운이스타항공여객기큰일날뻔,Social
79,응급실뺑뺑이없게대학병원온경증환자는집근처병원으로회송하는체계만든다,Social
80,김성주중대재해법적용유예사고나면윤석열한동훈책임질건가,Social
81,검찰탈주범김길수특수강도혐의징역년구형,Social
82,무릎관절강주사제부담률간호간병중증환자우선,Social
83,노모가침대속에모은용돈만원쓰레기장갈뻔,Social
84,소각장확충미뤄지자인천시군수구청장에책임돌리나,Social
85,의협대통령실앞의대증원규탄집회비과학적증원중단,Social
86,검찰분신택시기사폭행회사대표에징역년구형,Social
87,임금체불하고도피생활상습체불업자결국구속,Social
88,경찰청장당적공개본인의사묻는건바람직하지않아종합,Social
89,자테이프만붙어있던정류장광고판모르고기댄남성숨져유족은서울시공무원고소,Social
90,드디어찾았다시민영웅쓰러진시민로구한명하트세이버,Social
91,아이유랑사귀었다동거한사이기막힌전청조사기,Social
92,광주나주광역철도노선오락가락효천역경유갈등왜초점,Social
93,아들이준용돈매트리스에넣어놨다가만원잃을뻔한대노모,Social
94,부산형분도시시즌시작된다,Social
95,검경브로커승진청탁받고금품수수의혹치안감구속기로종합,Social
96,인천시개노선확보유정복환영,Social
97,부산청장이재명습격범신상비공개범죄중대성미흡판단,Social
98,다시돌아와기쁘다진중권공지영사과에화해로답해,Social
99,단독친이재명민주당예비후보음주운전한달만에무면허운전적격성논란,Social
